{
  "port": "COM19",
  "baudrate": 115200,
  "sample_count": 150,
  "created_at": "2026-03-24 15:22:09",
  "gyro_bias": {
    "x": 0.0024213333333333335,
    "y": 0.016370666666666665,
    "z": -0.05434866666666667
  },
  "gyro_std": {
    "x": 0.03987770068039976,
    "y": 0.04030071553817486,
    "z": 0.04013357154414355
  },
  "accel_mean": {
    "x": 0.019206,
    "y": 0.010094,
    "z": 1.0020333333333333
  },
  "accel_offset_horizontal": {
    "x": 0.019206,
    "y": 0.010094,
    "z": 0.0020333333333333314
  },
  "accel_std": {
    "x": 0.0005752947070849861,
    "y": 0.0006124519028734693,
    "z": 0.0006085684477160466
  },
  "accel_norm_mean": 1.0022685596167047,
  "mag_mean": {
    "x": -37.373333333333335,
    "y": 23.633333333333333,
    "z": 48.56666666666667
  },
  "mag_std": {
    "x": 1.1749988179663085,
    "y": 1.2188336865854814,
    "z": 2.304825855075004
  },
  "mag_norm_mean": 65.71749196945039,
  "east_reference_heading_deg": 147.69245081062493,
  "notes": [
    "Gyroscope bias is computed from a stationary average on the current horizontal pose.",
    "Accelerometer offset assumes the board is stationary on a horizontal plane.",
    "Magnetometer result is a single-pose east-facing reference, not a full hard/soft-iron calibration.",
    "For full 9-axis calibration, add six-face accelerometer calibration and multi-orientation magnetometer calibration later.",
    "Accelerometer six-face calibration computed bias and per-axis scale from +/-X, +/-Y, +/-Z static poses.",
    "Magnetometer calibration computed hard-iron bias and per-axis scale from multi-orientation samples."
  ],
  "accel_bias": {
    "x": 0.01583041666666668,
    "y": -0.01051291666666665,
    "z": 0.0023799999999999932
  },
  "accel_scale": {
    "x": 1.007553714157851,
    "y": 1.0115932804916343,
    "z": 1.0005503026664666
  },
  "accel_six_face": {
    "+X": {
      "ax": 1.0083333333333333,
      "ay": -0.008770833333333334,
      "az": -0.0642475,
      "gx": -0.0235075,
      "gy": 0.032143333333333336,
      "gz": -0.043050000000000005,
      "mx": -52.69166666666667,
      "my": -1.9,
      "mz": -46.06666666666667
    },
    "-X": {
      "ax": -0.9766724999999999,
      "ay": 0.003765,
      "az": -0.018208333333333333,
      "gx": 0.025833333333333333,
      "gy": 0.08402666666666667,
      "gz": -0.0679775,
      "mx": -40.86666666666667,
      "my": 83.39166666666667,
      "mz": 10.75
    },
    "+Y": {
      "ax": 0.04352333333333333,
      "ay": 0.9780266666666667,
      "az": -0.05891,
      "gx": -0.0031550000000000016,
      "gy": 0.011793333333333333,
      "gz": -0.05729666666666667,
      "mx": -6.725,
      "my": 21.183333333333334,
      "mz": -28.033333333333335
    },
    "-Y": {
      "ax": 0.004625,
      "ay": -0.9990525,
      "az": 0.03799333333333333,
      "gx": 0.0151425,
      "gy": 0.006704166666666666,
      "gz": -0.04204083333333333,
      "mx": -86.25,
      "my": 17.608333333333334,
      "mz": -5.95
    },
    "+Z": {
      "ax": 0.021463333333333334,
      "ay": 0.009620833333333334,
      "az": 1.00183,
      "gx": 0.017174166666666667,
      "gy": 0.0036483333333333324,
      "gz": 0.011390833333333331,
      "mx": -42.09166666666667,
      "my": 22.183333333333334,
      "mz": 46.30833333333333
    },
    "-Z": {
      "ax": 0.009648333333333333,
      "ay": -0.0190975,
      "az": -0.99707,
      "gx": 0.021244166666666668,
      "gy": 0.011280833333333332,
      "gz": 0.015454999999999998,
      "mx": -63.475,
      "my": 38.825,
      "mz": -51.84166666666667
    }
  },
  "mag_bias": {
    "x": -42.0,
    "y": 37.0,
    "z": -6.5
  },
  "mag_scale": {
    "x": 1.1511627906976745,
    "y": 0.9705882352941176,
    "z": 0.908256880733945
  },
  "mag_min": {
    "x": -85.0,
    "y": -14.0,
    "z": -61.0
  },
  "mag_max": {
    "x": 1.0,
    "y": 88.0,
    "z": 48.0
  }
}